subj,chan,task,X,Y,Z,dof,RT,varRT,JPAnatomy,Tval,Pval
S20,AFS10,false,-16.5957450866699,68.1623687744141,-1.63450407981873,17,4.32809841294211,4.63299590487093,MPFC,0.0114194796034249,0.494901019796041
S20,AFS10,true,-16.5957450866699,68.1623687744141,-1.63450407981873,24,4.1606611349592,2.2651844517004,MPFC,-0.0813503786091356,0.466506698660268
S20,AFS11,false,-20.7658729553223,63.6945724487305,-3.05511045455933,17,4.32809841294211,4.63299590487093,MPFC,0.780344400870553,0.228954209158168
S20,AFS11,true,-20.7658729553223,63.6945724487305,-3.05511045455933,24,4.1606611349592,2.2651844517004,MPFC,0.344783435213835,0.371325734853029
S20,AFS12,false,-20.7281627655029,60.5625190734863,-0.771354079246521,17,4.32809841294211,4.63299590487093,MPFC,0.506289799457882,0.313937212557489
S20,AFS12,true,-20.7281627655029,60.5625190734863,-0.771354079246521,24,4.1606611349592,2.2651844517004,MPFC,0.180395224914307,0.437112577484503
S04,AFS1,false,-20.4377861022949,62.7045974731445,-13.8462724685669,27,3.09006341314806,0.451777966492526,OFC,2.0059458941379,0.0365926814637073
S04,AFS1,true,-20.4377861022949,62.7045974731445,-13.8462724685669,23,3.19460142926191,0.189371262555641,OFC,0.689663143397424,0.261847630473905
S20,AFS1,false,-2.41168069839478,37.9249267578125,-28.0761013031006,17,4.32809841294211,4.63299590487093,MPFC,1.32612232762917,0.101979604079184
S20,AFS1,true,-2.41168069839478,37.9249267578125,-28.0761013031006,24,4.1606611349592,2.2651844517004,MPFC,1.84701565378429,0.0469906018796241
S04,AFS2,false,-20.8877372741699,64.140380859375,-1.39564394950867,27,3.09006341314806,0.451777966492526,OFC,0.965511324577677,0.185162967406519
S04,AFS2,true,-20.8877372741699,64.140380859375,-1.39564394950867,23,3.19460142926191,0.189371262555641,OFC,-0.0911205050703934,0.240451909618076
S20,AFS2,false,-1.78563141822815,42.1640396118164,-27.2706146240234,17,4.32809841294211,4.63299590487093,MPFC,-0.508325551197627,0.312937412517497
S20,AFS2,true,-1.78563141822815,42.1640396118164,-27.2706146240234,24,4.1606611349592,2.2651844517004,MPFC,1.00113482844627,0.173565286942611
S20,AFS3,false,-0.910423636436462,45.5864753723145,-25.9141235351562,17,4.32809841294211,4.63299590487093,MPFC,-0.361955742577919,0.367726454709058
S20,AFS3,true,-0.910423636436462,45.5864753723145,-25.9141235351562,24,4.1606611349592,2.2651844517004,MPFC,1.90750184679473,0.0393921215756849
S20,AFS4,false,-0.451139450073242,49.0467948913574,-23.7949848175049,17,4.32809841294211,4.63299590487093,MPFC,1.30373655994688,0.104179164167167
S20,AFS4,true,-0.451139450073242,49.0467948913574,-23.7949848175049,24,4.1606611349592,2.2651844517004,MPFC,2.30756320885111,0.0167966406718656
S20,AFS5,false,-0.722235441207886,51.9160957336426,-24.0464611053467,17,4.32809841294211,4.63299590487093,MPFC,0.218952521006438,0.419316136772645
S20,AFS5,true,-0.722235441207886,51.9160957336426,-24.0464611053467,24,4.1606611349592,2.2651844517004,MPFC,-0.803138473792539,0.216556688662268
S20,AFS6,false,-3.28922176361084,58.5799369812012,-23.740062713623,17,4.32809841294211,4.63299590487093,MPFC,-0.0254146490848637,0.492901419716057
S20,AFS6,true,-3.28922176361084,58.5799369812012,-23.740062713623,24,4.1606611349592,2.2651844517004,MPFC,-0.156611030000223,0.43371325734853
S20,AFS7,false,-3.20173311233521,63.5960311889648,-18.0145301818848,17,4.32809841294211,4.63299590487093,MPFC,1.06469152996739,0.145970805838832
S20,AFS7,true,-3.20173311233521,63.5960311889648,-18.0145301818848,24,4.1606611349592,2.2651844517004,MPFC,-0.449777813388982,0.320935812837432
S20,AFS8,false,-4.18139266967773,65.8282852172852,-13.0961151123047,17,4.32809841294211,4.63299590487093,MPFC,0.941949994529941,0.170965806838632
S20,AFS8,true,-4.18139266967773,65.8282852172852,-13.0961151123047,24,4.1606611349592,2.2651844517004,MPFC,1.33569093444459,0.105578884223155
S20,AFS9,false,-14.8068866729736,68.8244094848633,-2.60741090774536,17,4.32809841294211,4.63299590487093,MPFC,0.961443695938344,0.177964407118576
S20,AFS9,true,-14.8068866729736,68.8244094848633,-2.60741090774536,24,4.1606611349592,2.2651844517004,MPFC,0.554341157835063,0.29494101179764
S08,AIH1,false,-1.00790977478027,43.2748222351074,-26.4327545166016,22,3.24918190268181,1.25151619043541,MPFC,0.961621470496903,0.19126174765047
S08,AIH1,true,-1.00790977478027,43.2748222351074,-26.4327545166016,24,2.778683412667,1.17816249494227,MPFC,1.7292560340181,0.0534893021395721
S16,AIH1,false,-5.4432578086853,46.2051467895508,-24.6376686096191,8,2.53853658975015,4.51132272205838,MPFC,1.15313882989484,0.227054589082184
S16,AIH1,true,-5.4432578086853,46.2051467895508,-24.6376686096191,41,1.37162068490249,1.17699222575944,MPFC,-0.956885157299168,0.312837432513497
S06,AIH2,false,6.59705972671509,64.8443489074707,-13.4142198562622,24,3.71222429895852,1.45220852763846,MPFC,-1.52320913715363,0.0764847030593881
S06,AIH2,true,6.59705972671509,64.8443489074707,-13.4142198562622,24,2.52762991166643,0.842556854986208,MPFC,0.220645275583045,0.381923615276945
S08,AIH2,false,-0.807342171669006,46.9475631713867,-25.6043949127197,22,3.24918190268181,1.25151619043541,MPFC,1.60056419289336,0.153869226154769
S08,AIH2,true,-0.807342171669006,46.9475631713867,-25.6043949127197,24,2.778683412667,1.17816249494227,MPFC,3.66184709674012,0.000999800039992002
S16,AIH2,false,-0.351767539978027,47.9114608764648,-20.3700885772705,8,2.53853658975015,4.51132272205838,MPFC,0.650001796402418,0.306838632273545
S16,AIH2,true,-0.351767539978027,47.9114608764648,-20.3700885772705,41,1.37162068490249,1.17699222575944,MPFC,-0.931370478634786,0.281643671265747
S06,AIH3,false,5.9127950668335,67.4256744384766,-2.44329524040222,24,3.71222429895852,1.45220852763846,MPFC,1.65959637066365,0.118076384723055
S06,AIH3,true,5.9127950668335,67.4256744384766,-2.44329524040222,24,2.52762991166643,0.842556854986208,MPFC,0.986058456009734,0.200959808038392
S08,AIH3,false,-0.566699028015137,48.0048408508301,-24.565559387207,22,3.24918190268181,1.25151619043541,MPFC,1.49600378306318,0.0768846230753849
S08,AIH3,true,-0.566699028015137,48.0048408508301,-24.565559387207,24,2.778683412667,1.17816249494227,MPFC,2.74807266132009,0.00749850029994001
S16,AIH3,false,-2.80382347106934,54.7715759277344,-6.69242572784424,8,2.53853658975015,4.51132272205838,MPFC,1.09746536414525,0.204759048190362
S16,AIH3,true,-2.80382347106934,54.7715759277344,-6.69242572784424,41,1.37162068490249,1.17699222575944,MPFC,-0.941477685690345,0.299840031993601
S08,AIH4,false,-0.708891630172729,53.5935478210449,-23.0058040618896,22,3.24918190268181,1.25151619043541,MPFC,1.41573329820815,0.0954809038192361
S08,AIH4,true,-0.708891630172729,53.5935478210449,-23.0058040618896,24,2.778683412667,1.17816249494227,MPFC,1.0452198462301,0.152769446110778
S08,AIH5,false,-0.947676420211792,56.0472526550293,-18.5255832672119,22,3.24918190268181,1.25151619043541,MPFC,0.634246069848608,0.298640271945611
S08,AIH5,true,-0.947676420211792,56.0472526550293,-18.5255832672119,24,2.778683412667,1.17816249494227,MPFC,0.548903130550121,0.320935812837432
S08,AIH6,false,-4.29842758178711,57.091796875,-7.92233467102051,22,3.24918190268181,1.25151619043541,MPFC,1.31687462488106,0.127174565086983
S08,AIH6,true,-4.29842758178711,57.091796875,-7.92233467102051,24,2.778683412667,1.17816249494227,MPFC,0.812797129497523,0.138072385522895
S02,AIHG1,false,-2.81609845161438,63.8978385925293,-17.0408058166504,26,1.96224409885382,0.453771971120968,MPFC,-0.148249385943347,0.428514297140572
S02,AIHG1,true,-2.81609845161438,63.8978385925293,-17.0408058166504,20,2.04490738814638,0.808861391372311,MPFC,0.524140250907838,0.129474105178964
S02,AIHG2,false,-1.70561528205872,65.1706390380859,-8.09348011016846,26,1.96224409885382,0.453771971120968,MPFC,2.53736288280802,0.0191961607678464
S02,AIHG2,true,-1.70561528205872,65.1706390380859,-8.09348011016846,20,2.04490738814638,0.808861391372311,MPFC,0.812691084275065,0.27124575084983
S01,AIHS1,false,-2.13059663772583,66.0215682983398,-7.84079265594482,16,5.19563434887459,2.66295329890761,MPFC,-0.882277022168969,0.285642871425715
S01,AIHS1,true,-2.13059663772583,66.0215682983398,-7.84079265594482,31,4.5688910945159,3.4249532477577,MPFC,0.88344773466419,0.202959408118376
S03,AIHS1,false,3.29225158691406,47.6960296630859,-24.7989311218262,14,3.07367233984405,2.74742307312882,MPFC,0.256093367309058,0.32253549290142
S03,AIHS1,true,3.29225158691406,47.6960296630859,-24.7989311218262,30,2.24967805211199,4.96599709361773,MPFC,-0.0695362305841226,0.406418716256749
S04,AIHS1,false,-14.7978115081787,63.2411994934082,-14.8394908905029,27,3.09006341314806,0.451777966492526,MPFC,0.841132409807735,0.171765646870626
S04,AIHS1,true,-14.7978115081787,63.2411994934082,-14.8394908905029,23,3.19460142926191,0.189371262555641,MPFC,2.21355207275397,0.0182963407318536
S03,AIHS2,false,3.42617917060852,55.9520568847656,-18.6378498077393,14,3.07367233984405,2.74742307312882,MPFC,1.30294066188354,0.105278944211158
S03,AIHS2,true,3.42617917060852,55.9520568847656,-18.6378498077393,30,2.24967805211199,4.96599709361773,MPFC,0.823704873786157,0.21495700859828
S04,AIHS2,false,-8.94393157958984,68.0389099121094,-7.60016918182373,27,3.09006341314806,0.451777966492526,MPFC,1.90623763850821,0.0337932413517297
S04,AIHS2,true,-8.94393157958984,68.0389099121094,-7.60016918182373,23,3.19460142926191,0.189371262555641,MPFC,1.7358109668089,0.0981803639272146
S03,AIHS3,false,7.9388542175293,56.8268661499023,-5.17776775360107,14,3.07367233984405,2.74742307312882,MPFC,0.93395870652541,0.189262147570486
S03,AIHS3,true,7.9388542175293,56.8268661499023,-5.17776775360107,30,2.24967805211199,4.96599709361773,MPFC,0.539084886269087,0.269846030793841
S14,AOF1,false,3.22275495529175,40.1983413696289,-23.1109809875488,24,4.76187049599927,6.60386416104414,OFC,-0.561093654374579,0.182563487302539
S14,AOF1,true,3.22275495529175,40.1983413696289,-23.1109809875488,20,4.12499589335057,2.38528799276107,OFC,0.250724050100584,0.100379924015197
S14,AOF2,false,13.2371349334717,36.3636703491211,-27.6463413238525,24,4.76187049599927,6.60386416104414,OFC,-0.609945303574418,0.228554289142172
S14,AOF2,true,13.2371349334717,36.3636703491211,-27.6463413238525,20,4.12499589335057,2.38528799276107,OFC,0.152151533707282,0.0779844031193761
S14,AOF3,false,15.0190334320068,31.3737983703613,-27.5145111083984,24,4.76187049599927,6.60386416104414,OFC,-0.791316330498642,0.168266346730654
S14,AOF3,true,15.0190334320068,31.3737983703613,-27.5145111083984,20,4.12499589335057,2.38528799276107,OFC,0.429990104097859,0.194761047790442
S14,AOF4,false,24.4406604766846,30.96852684021,-20.0379123687744,24,4.76187049599927,6.60386416104414,OFC,-1.06453274345232,0.132073585282943
S14,AOF4,true,24.4406604766846,30.96852684021,-20.0379123687744,20,4.12499589335057,2.38528799276107,OFC,-0.200268625297712,0.124275144971006
S14,AOF5,false,43.0775833129883,41.790412902832,-15.5490760803223,24,4.76187049599927,6.60386416104414,OFC,-0.0865940714408698,0.394721055788842
S14,AOF5,true,43.0775833129883,41.790412902832,-15.5490760803223,20,4.12499589335057,2.38528799276107,OFC,0.176238103498431,0.0610877824435113
S14,AOF6,false,51.4952583312988,38.2866439819336,-11.6501998901367,24,4.76187049599927,6.60386416104414,OFC,-0.319566863828902,0.238252349530094
S14,AOF6,true,51.4952583312988,38.2866439819336,-11.6501998901367,20,4.12499589335057,2.38528799276107,OFC,-0.218850110669428,0.243251349730054
S05,AORB1,false,-11.3733320236206,37.6365852355957,-24.3992919921875,26,5.00558286857701,4.25127564729605,OFC,0.251622009045866,0.133273345330934
S05,AORB1,true,-11.3733320236206,37.6365852355957,-24.3992919921875,24,3.70534012591694,1.9440115874584,OFC,-0.276407557710192,0.280343931213757
S05,AORB2,false,-15.955286026001,36.924877166748,-23.5346336364746,26,5.00558286857701,4.25127564729605,OFC,0.512407722653594,0.321035792841432
S05,AORB2,true,-15.955286026001,36.924877166748,-23.5346336364746,24,3.70534012591694,1.9440115874584,OFC,-0.759950381620909,0.260347930413917
S05,AORB3,false,-23.85129737854,37.9054870605469,-14.577410697937,26,5.00558286857701,4.25127564729605,OFC,1.55456511837686,0.0676864627074585
S05,AORB3,true,-23.85129737854,37.9054870605469,-14.577410697937,24,3.70534012591694,1.9440115874584,OFC,2.07895088095258,0.0872825434913017
S05,AORB4,false,-25.2299747467041,38.7231712341309,-11.5132207870483,26,5.00558286857701,4.25127564729605,OFC,-0.285474914840928,0.098380323935213
S05,AORB4,true,-25.2299747467041,38.7231712341309,-11.5132207870483,24,3.70534012591694,1.9440115874584,OFC,-1.94817876742819,0.0302939412117577
S10,FRO10,false,52.8432426452637,33.0470962524414,-9.57249641418457,22,1.52066996958456,0.20926327577627,OFC,0.875828719262665,0.197893754582417
S10,FRO10,true,52.8432426452637,33.0470962524414,-9.57249641418457,15,1.20356427513179,0.120999163028466,OFC,0.994011994418787,0.185762847430514
S10,FRO1,false,37.1727066040039,28.0149230957031,-20.5574550628662,22,1.52066996958456,0.20926327577627,OFC,0.679465220540815,0.236819302806105
S10,FRO1,true,37.1727066040039,28.0149230957031,-20.5574550628662,15,1.20356427513179,0.120999163028466,OFC,-0.0258482365740365,0.254882356861961
S10,FRO2,false,46.9201431274414,28.7260437011719,-15.1756286621094,22,1.52066996958456,0.20926327577627,OFC,-0.1362906636993,0.348197027261214
S10,FRO2,true,46.9201431274414,28.7260437011719,-15.1756286621094,15,1.20356427513179,0.120999163028466,OFC,0.579378455094001,0.130440578550956
S10,FRO9,false,50.3003692626953,37.9666519165039,-14.2825946807861,22,1.52066996958456,0.20926327577627,OFC,-0.255054353451104,0.178564287142571
S10,FRO9,true,50.3003692626953,37.9666519165039,-14.2825946807861,15,1.20356427513179,0.120999163028466,OFC,-1.38675921567231,0.104112510831167
S06,FTS1,false,44.8868026733398,27.8530158996582,-16.0351619720459,24,3.71222429895852,1.45220852763846,OFC,0.383360786406069,0.358628274345131
S06,FTS1,true,44.8868026733398,27.8530158996582,-16.0351619720459,24,2.52762991166643,0.842556854986208,OFC,-0.369785665375271,0.191861627674465
S06,FTS2,false,39.3471984863281,42.2899932861328,-12.8347959518433,24,3.71222429895852,1.45220852763846,OFC,0.208949675300846,0.0682863427314537
S06,FTS2,true,39.3471984863281,42.2899932861328,-12.8347959518433,24,2.52762991166643,0.842556854986208,OFC,0.888600535071061,0.118976204759048
S06,FTS3,false,41.7868156433105,46.9582824707031,-14.099983215332,24,3.71222429895852,1.45220852763846,OFC,3.60719742972327,0.00509898020395921
S06,FTS3,true,41.7868156433105,46.9582824707031,-14.099983215332,24,2.52762991166643,0.842556854986208,OFC,2.33865672691725,0.0926814637072585
S06,FTS4,false,44.0860824584961,50.9476356506348,-11.4981555938721,24,3.71222429895852,1.45220852763846,OFC,-0.371189463161673,0.195060987802439
S06,FTS4,true,44.0860824584961,50.9476356506348,-11.4981555938721,24,2.52762991166643,0.842556854986208,OFC,-0.913065214547958,0.22755448910218
S06,FTS5,false,42.7605628967285,55.2454452514648,-2.76780009269714,24,3.71222429895852,1.45220852763846,OFC,0.204325698393385,0.229554089182164
S06,FTS5,true,42.7605628967285,55.2454452514648,-2.76780009269714,24,2.52762991166643,0.842556854986208,OFC,-1.10487434591818,0.168966206758648
S19,LOF1,false,-3.82984682161427,46.4083205074443,-22.9340707908917,23,6.04804627756565,2.87179246331754,OFC,-0.778354736093476,0.228254349130174
S19,LOF1,true,-3.82984682161427,46.4083205074443,-22.9340707908917,16,6.79898508662473,8.28341257868502,OFC,1.19565081969005,0.203059388122376
S21,LOF1,false,-4.88992940612204,41.3155673914453,-18.3129914462066,14,6.36546432811468,6.72504679431483,MPFC,-0.582209080403358,0.332033593281344
S21,LOF1,true,-4.88992940612204,41.3155673914453,-18.3129914462066,26,5.05790362112636,4.47474942400233,MPFC,1.18417554733725,0.241851629674065
S22,LOF1,false,-4.10795189793652,32.7868721948302,-25.5538810533165,29,5.11495741695198,1.59350574550001,OFC,-1.14240524794648,0.147670465906819
S22,LOF1,true,-4.10795189793652,32.7868721948302,-25.5538810533165,16,5.0458863007043,1.3222706600377,OFC,-0.617269239992577,0.194761047790442
S19,LOF2,false,-8.76007032961425,47.0969355694443,-20.1056772108917,23,6.04804627756565,2.87179246331754,OFC,-0.238692408248404,0.411117776444711
S19,LOF2,true,-8.76007032961425,47.0969355694443,-20.1056772108917,16,6.79898508662473,8.28341257868502,OFC,1.84826242327191,0.0910817836432713
S21,LOF2,false,-9.92782668264474,41.2052763312354,-13.5146204301796,14,6.36546432811468,6.72504679431483,MPFC,0.0688733120676545,0.450309938012397
S21,LOF2,true,-9.92782668264474,41.2052763312354,-13.5146204301796,26,5.05790362112636,4.47474942400233,MPFC,1.43804058243825,0.0750849830033993
S22,LOF2,false,-8.21907311523651,33.1092985246302,-22.0397708739165,29,5.11495741695198,1.59350574550001,OFC,-1.04170060914203,0.185962807438512
S22,LOF2,true,-8.21907311523651,33.1092985246302,-22.0397708739165,16,5.0458863007043,1.3222706600377,OFC,-0.212969556702804,0.19756048790242
S19,LOF3,false,-13.8765466844143,46.9601413399442,-17.9063707818917,23,6.04804627756565,2.87179246331754,OFC,-0.754563456640613,0.2624475104979
S19,LOF3,true,-13.8765466844143,46.9601413399442,-17.9063707818917,16,6.79898508662473,8.28341257868502,OFC,0.756621756176156,0.258848230353929
S22,LOF3,false,-11.9246108782365,33.0044122386302,-18.5992739459165,29,5.11495741695198,1.59350574550001,OFC,-0.509770817619501,0.320435912817437
S22,LOF3,true,-11.9246108782365,33.0044122386302,-18.5992739459165,16,5.0458863007043,1.3222706600377,OFC,-0.898696038134434,0.24255148970206
S19,LOF4,false,-18.9592435356143,47.2865920714443,-15.7273073258917,23,6.04804627756565,2.87179246331754,OFC,-1.71865801020133,0.0525894821035793
S19,LOF4,true,-18.9592435356143,47.2865920714443,-15.7273073258917,16,6.79898508662473,8.28341257868502,OFC,-0.379764648655695,0.0341931613677265
S19,LOF5,false,-23.5544355996143,47.8867504674443,-13.5206461858917,23,6.04804627756565,2.87179246331754,OFC,-0.320103618641458,0.36122775444911
S19,LOF5,true,-23.5544355996143,47.8867504674443,-13.5206461858917,16,6.79898508662473,8.28341257868502,OFC,1.4480244982908,0.234553089382124
S22,LOF5,false,-20.0376899512365,33.0089241086302,-11.1504327339165,29,5.11495741695198,1.59350574550001,OFC,-0.238978407644183,0.257848430313937
S22,LOF5,true,-20.0376899512365,33.0089241086302,-11.1504327339165,16,5.0458863007043,1.3222706600377,OFC,-0.613861975610474,0.299540091981604
S22,LOF6,false,-24.3584049702365,33.1423770496302,-7.54810039391649,29,5.11495741695198,1.59350574550001,OFC,-1.15023703039734,0.137972405518896
S22,LOF6,true,-24.3584049702365,33.1423770496302,-7.54810039391649,16,5.0458863007043,1.3222706600377,OFC,-1.22889761061827,0.208258348330334
S19,LOF7,false,-33.7119557296143,48.1629349694443,-8.2141007108917,23,6.04804627756565,2.87179246331754,OFC,-0.520665823139857,0.256948610277944
S19,LOF7,true,-33.7119557296143,48.1629349694443,-8.2141007108917,16,6.79898508662473,8.28341257868502,OFC,1.67443660204049,0.0560887822435513
S19,LOF8,false,-38.2871943296143,48.7768235694443,-5.84859721089171,23,6.04804627756565,2.87179246331754,OFC,-0.554728831848989,0.282143571285743
S19,LOF8,true,-38.2871943296143,48.7768235694443,-5.84859721089171,16,6.79898508662473,8.28341257868502,OFC,1.75931054998097,0.0470905818836233
S19,LOF9,false,-43.7715503296143,48.8170113694443,-3.43020521089173,23,6.04804627756565,2.87179246331754,OFC,0.791447873994643,0.25994801039792
S19,LOF9,true,-43.7715503296143,48.8170113694443,-3.43020521089173,16,6.79898508662473,8.28341257868502,OFC,0.832686342606481,0.206758648270346
S09,OF1,false,-2.71653509140015,26.1439552307129,-25.9204006195068,19,2.79190939531652,1.22687200238378,OFC,-0.0367961130159296,0.340731853629274
S09,OF1,true,-2.71653509140015,26.1439552307129,-25.9204006195068,30,3.40655924849901,2.23699330611424,OFC,-0.998391034213529,0.249250149970006
S09,OF2,false,-15.4697666168213,23.6183662414551,-24.3639125823975,19,2.79190939531652,1.22687200238378,OFC,-0.223531865070133,0.315136972605479
S09,OF2,true,-15.4697666168213,23.6183662414551,-24.3639125823975,30,3.40655924849901,2.23699330611424,OFC,-0.635006202790747,0.265346930613877
S09,OF3,false,-20.651388168335,28.1648807525635,-20.8836212158203,19,2.79190939531652,1.22687200238378,OFC,-0.527786188316707,0.321735652869426
S09,OF3,true,-20.651388168335,28.1648807525635,-20.8836212158203,30,3.40655924849901,2.23699330611424,OFC,-0.875563739391549,0.212857428514297
S09,OF4,false,-33.670654296875,27.5533142089844,-20.5731754302979,19,2.79190939531652,1.22687200238378,OFC,0.618018686666084,0.298340331933613
S09,OF4,true,-33.670654296875,27.5533142089844,-20.5731754302979,30,3.40655924849901,2.23699330611424,OFC,0.791974977230567,0.235452909418116
S09,OF5,false,-41.9083137512207,33.8113212585449,-16.8085289001465,19,2.79190939531652,1.22687200238378,OFC,0.805924444600633,0.193461307738452
S09,OF5,true,-41.9083137512207,33.8113212585449,-16.8085289001465,30,3.40655924849901,2.23699330611424,OFC,0.285135860164136,0.13997200559888
S08,ORB10,false,-10.001914024353,44.2526321411133,-25.1947078704834,22,3.24918190268181,1.25151619043541,OFC,0.470256244125143,0.323835232953409
S08,ORB10,true,-10.001914024353,44.2526321411133,-25.1947078704834,24,2.778683412667,1.17816249494227,OFC,-0.371165355270826,0.354229154169166
S13,ORB10,false,25.5177574157715,35.175121307373,-19.3152809143066,23,1.97788965399996,0.181727460398453,OFC,0.354295962670658,0.37002599480104
S13,ORB10,true,25.5177574157715,35.175121307373,-19.3152809143066,19,2.05319705910532,0.773326192881181,OFC,-0.54809335620166,0.324435112977405
S16,ORB10,false,-18.913990020752,38.9068069458008,-19.7387428283691,8,2.53853658975015,4.51132272205838,OFC,-0.727307407524505,0.234153169366127
S16,ORB10,true,-18.913990020752,38.9068069458008,-19.7387428283691,41,1.37162068490249,1.17699222575944,OFC,0.0995012130727906,0.458008398320336
S18,ORB10,false,33.3790550231934,30.8383483886719,-19.968505859375,32,5.50042697537629,6.06057911922154,OFC,-0.248115588740368,0.259281477037926
S18,ORB10,true,33.3790550231934,30.8383483886719,-19.968505859375,15,5.97078364139888,8.89223421383454,OFC,1.14845422887424,0.174098513630607
S20,ORB10,false,-31.4152221679688,46.077766418457,-15.0725650787354,17,4.32809841294211,4.63299590487093,OFC,-1.03543964166439,0.155968806238752
S20,ORB10,true,-31.4152221679688,46.077766418457,-15.0725650787354,24,4.1606611349592,2.2651844517004,OFC,1.96796814226418,0.0337932413517297
S08,ORB11,false,-12.0345821380615,43.1121864318848,-25.0929718017578,22,3.24918190268181,1.25151619043541,OFC,0.774387219527767,0.231353729254149
S08,ORB11,true,-12.0345821380615,43.1121864318848,-25.0929718017578,24,2.778683412667,1.17816249494227,OFC,0.463858186312701,0.282143571285743
S13,ORB11,false,45.7151298522949,30.3687591552734,-15.5932197570801,23,1.97788965399996,0.181727460398453,OFC,0.415414187734694,0.337932413517297
S13,ORB11,true,45.7151298522949,30.3687591552734,-15.5932197570801,19,2.05319705910532,0.773326192881181,OFC,0.10774394010421,0.0618876224755049
S16,ORB11,false,-24.4507961273193,38.4205093383789,-13.1376285552979,8,2.53853658975015,4.51132272205838,OFC,-1.06655177069099,0.279444111177764
S16,ORB11,true,-24.4507961273193,38.4205093383789,-13.1376285552979,41,1.37162068490249,1.17699222575944,OFC,-1.26105179093107,0.242151569686063
S18,ORB11,false,42.9064636230469,28.5157566070557,-16.8264999389648,32,5.50042697537629,6.06057911922154,OFC,1.68752315689394,0.0219289475438246
S18,ORB11,true,42.9064636230469,28.5157566070557,-16.8264999389648,15,5.97078364139888,8.89223421383454,OFC,1.11975718934012,0.181163767246551
S20,ORB11,false,-41.9250679016113,31.9713935852051,-16.5253810882568,17,4.32809841294211,4.63299590487093,OFC,0.302822453081893,0.394121175764847
S20,ORB11,true,-41.9250679016113,31.9713935852051,-16.5253810882568,24,4.1606611349592,2.2651844517004,OFC,0.547114303857032,0.310737852429514
S08,ORB12,false,-16.938907623291,43.7256546020508,-20.4516258239746,22,3.24918190268181,1.25151619043541,OFC,0.526664915610183,0.30373925214957
S08,ORB12,true,-16.938907623291,43.7256546020508,-20.4516258239746,24,2.778683412667,1.17816249494227,OFC,0.612167109235399,0.280743851229754
S13,ORB12,false,48.4849739074707,34.7368316650391,-15.4151363372803,23,1.97788965399996,0.181727460398453,OFC,1.27427966622794,0.121175764847031
S13,ORB12,true,48.4849739074707,34.7368316650391,-15.4151363372803,19,2.05319705910532,0.773326192881181,OFC,1.04836997064927,0.106778644271146
S16,ORB12,false,-40.6895523071289,37.4005699157715,-16.3565635681152,8,2.53853658975015,4.51132272205838,OFC,0.813442074645114,0.204659068186363
S16,ORB12,true,-40.6895523071289,37.4005699157715,-16.3565635681152,41,1.37162068490249,1.17699222575944,OFC,-1.75456901954966,0.0890821835632873
S18,ORB12,false,47.824291229248,30.2591800689697,-15.0824394226074,32,5.50042697537629,6.06057911922154,OFC,-0.285231406207899,0.254682396853963
S18,ORB12,true,47.824291229248,30.2591800689697,-15.0824394226074,15,5.97078364139888,8.89223421383454,OFC,0.513651813577106,0.305272278877558
S20,ORB12,false,-42.0005912780762,36.2472076416016,-16.8750133514404,17,4.32809841294211,4.63299590487093,OFC,0.865191899951867,0.199360127974405
S20,ORB12,true,-42.0005912780762,36.2472076416016,-16.8750133514404,24,4.1606611349592,2.2651844517004,OFC,1.147266660423,0.131773645270946
S08,ORB13,false,-23.4273586273193,48.0860061645508,-12.024510383606,22,3.24918190268181,1.25151619043541,OFC,0.14782739417821,0.352929414117177
S08,ORB13,true,-23.4273586273193,48.0860061645508,-12.024510383606,24,2.778683412667,1.17816249494227,OFC,0.494699388902799,0.329934013197361
S16,ORB13,false,-3.84786939620972,28.0837707519531,-26.8172149658203,8,2.53853658975015,4.51132272205838,OFC,2.72252056630971,0.0326934613077385
S16,ORB13,true,-3.84786939620972,28.0837707519531,-26.8172149658203,41,1.37162068490249,1.17699222575944,OFC,-1.01163645010996,0.280343931213757
S20,ORB13,false,-14.658465385437,38.9974250793457,-24.0822105407715,17,4.32809841294211,4.63299590487093,OFC,1.3165002600078,0.100579884023195
S20,ORB13,true,-14.658465385437,38.9974250793457,-24.0822105407715,24,4.1606611349592,2.2651844517004,OFC,0.0370027046524594,0.487902419516097
S08,ORB14,false,-27.5317535400391,50.6935348510742,-13.3126096725464,22,3.24918190268181,1.25151619043541,OFC,-0.338439618692682,0.204659068186363
S08,ORB14,true,-27.5317535400391,50.6935348510742,-13.3126096725464,24,2.778683412667,1.17816249494227,OFC,1.57208564500209,0.0605878824235153
S16,ORB14,false,-13.8547410964966,27.993335723877,-24.8742160797119,8,2.53853658975015,4.51132272205838,OFC,0.317296283381985,0.38122375524895
S16,ORB14,true,-13.8547410964966,27.993335723877,-24.8742160797119,41,1.37162068490249,1.17699222575944,OFC,-0.381124078466999,0.355528894221156
S20,ORB14,false,-16.9931697845459,36.8474235534668,-22.8216800689697,17,4.32809841294211,4.63299590487093,OFC,0.887127479375104,0.190561887622476
S20,ORB14,true,-16.9931697845459,36.8474235534668,-22.8216800689697,24,4.1606611349592,2.2651844517004,OFC,-1.38754527055339,0.0871825634873025
S08,ORB15,false,-33.0290908813477,52.7290229797363,-13.6566925048828,22,3.24918190268181,1.25151619043541,OFC,0.289492633247543,0.398420315936813
S08,ORB15,true,-33.0290908813477,52.7290229797363,-13.6566925048828,24,2.778683412667,1.17816249494227,OFC,-1.47065721164993,0.123575284943011
S16,ORB15,false,-16.9132175445557,27.5097770690918,-24.0982284545898,8,2.53853658975015,4.51132272205838,OFC,-1.46624556217988,0.0801839632073585
S16,ORB15,true,-16.9132175445557,27.5097770690918,-24.0982284545898,41,1.37162068490249,1.17699222575944,OFC,-0.365286804207669,0.157168566286743
S20,ORB15,false,-21.294225692749,34.3635940551758,-18.4428005218506,17,4.32809841294211,4.63299590487093,OFC,1.08432474307181,0.148170365926815
S20,ORB15,true,-21.294225692749,34.3635940551758,-18.4428005218506,24,4.1606611349592,2.2651844517004,OFC,-0.698978239872625,0.250949810037992
S08,ORB16,false,-36.5267219543457,56.3262710571289,-8.90676307678223,22,3.24918190268181,1.25151619043541,OFC,-0.0844280526783764,0.246850629874025
S08,ORB16,true,-36.5267219543457,56.3262710571289,-8.90676307678223,24,2.778683412667,1.17816249494227,OFC,-1.97264749650221,0.0267946410717856
S16,ORB16,false,-21.0935401916504,29.9559516906738,-18.1005058288574,8,2.53853658975015,4.51132272205838,OFC,0.109520657278529,0.427014597080584
S16,ORB16,true,-21.0935401916504,29.9559516906738,-18.1005058288574,41,1.37162068490249,1.17699222575944,OFC,0.489778724692267,0.277844431113777
S20,ORB16,false,-36.5411911010742,29.3096008300781,-18.5098686218262,17,4.32809841294211,4.63299590487093,OFC,-0.778384463064395,0.224355128974205
S20,ORB16,true,-36.5411911010742,29.3096008300781,-18.5098686218262,24,4.1606611349592,2.2651844517004,OFC,1.39703527476356,0.0885822835432913
S08,ORB17,false,-1.39932942390442,38.2952613830566,-27.7790126800537,22,3.24918190268181,1.25151619043541,OFC,-0.603887490964546,0.294541091781644
S08,ORB17,true,-1.39932942390442,38.2952613830566,-27.7790126800537,24,2.778683412667,1.17816249494227,OFC,-0.280165480112813,0.120175964807039
S16,ORB17,false,-39.6416664123535,27.6128177642822,-17.1009559631348,8,2.53853658975015,4.51132272205838,OFC,-0.112620276531901,0.230853829234153
S16,ORB17,true,-39.6416664123535,27.6128177642822,-17.1009559631348,41,1.37162068490249,1.17699222575944,OFC,-2.11680328385959,0.0404919016196761
S20,ORB17,false,-39.2511940002441,24.5906944274902,-17.6793403625488,17,4.32809841294211,4.63299590487093,OFC,2.33335126413965,0.00979804039192162
S20,ORB17,true,-39.2511940002441,24.5906944274902,-17.6793403625488,24,4.1606611349592,2.2651844517004,OFC,1.1329164557354,0.134373125374925
S08,ORB18,false,-11.6519804000854,36.2045059204102,-22.8012962341309,22,3.24918190268181,1.25151619043541,OFC,1.04717949087324,0.190361927614477
S08,ORB18,true,-11.6519804000854,36.2045059204102,-22.8012962341309,24,2.778683412667,1.17816249494227,OFC,1.27968980097891,0.136372725454909
S16,ORB18,false,-46.2377128601074,30.4209804534912,-15.1668434143066,8,2.53853658975015,4.51132272205838,OFC,-0.243427700294675,0.250949810037992
S16,ORB18,true,-46.2377128601074,30.4209804534912,-15.1668434143066,41,1.37162068490249,1.17699222575944,OFC,-0.645655037279121,0.115576884623075
S20,ORB18,false,-46.2381782531738,32.5094184875488,-15.3868446350098,17,4.32809841294211,4.63299590487093,OFC,0.392653393014771,0.352329534093181
S20,ORB18,true,-46.2381782531738,32.5094184875488,-15.3868446350098,24,4.1606611349592,2.2651844517004,OFC,1.26943891731055,0.108578284343131
S08,ORB19,false,-13.3690032958984,33.0231513977051,-24.93678855896,22,3.24918190268181,1.25151619043541,OFC,1.01427170316101,0.176664667066587
S08,ORB19,true,-13.3690032958984,33.0231513977051,-24.93678855896,24,2.778683412667,1.17816249494227,OFC,1.39832409553421,0.236852629474105
S16,ORB19,false,-3.65091609954834,23.9590301513672,-25.2031955718994,8,2.53853658975015,4.51132272205838,OFC,1.0975831837245,0.136072785442911
S16,ORB19,true,-3.65091609954834,23.9590301513672,-25.2031955718994,41,1.37162068490249,1.17699222575944,OFC,-0.568260545308247,0.307738452309538
S20,ORB19,false,-1.50845861434937,26.2269058227539,-24.9157447814941,17,4.32809841294211,4.63299590487093,OFC,-0.340634624586745,0.368326334733053
S20,ORB19,true,-1.50845861434937,26.2269058227539,-24.9157447814941,24,4.1606611349592,2.2651844517004,OFC,-0.662772660800803,0.25494901019796
S08,ORB1,false,-0.850762128829956,46.2914772033691,-25.7220268249512,22,3.24918190268181,1.25151619043541,OFC,0.822201881679317,0.141671665666867
S08,ORB1,true,-0.850762128829956,46.2914772033691,-25.7220268249512,24,2.778683412667,1.17816249494227,OFC,-0.280238785990819,0.313137372525495
S11,ORB1,false,-10.2094793319702,42.8451690673828,-24.7600708007812,31,3.13280123683827,1.5079777149769,OFC,-1.19119674837731,0.122075584883023
S11,ORB1,true,-10.2094793319702,42.8451690673828,-24.7600708007812,19,3.00566312994832,1.6044772869701,OFC,-0.0679015857954188,0.0537892421515697
S12,ORB1,false,13.2560997009277,27.9120597839355,-27.2428855895996,27,2.68538197918679,0.39486715214801,OFC,1.22485872343916,0.228554289142172
S12,ORB1,true,13.2560997009277,27.9120597839355,-27.2428855895996,21,2.43446190671724,0.427682226571899,OFC,0.305385079097283,0.374025194961008
S13,ORB1,false,3.00384330749512,23.0325012207031,-20.9492778778076,23,1.97788965399996,0.181727460398453,OFC,2.42165962717173,0.0235952809438112
S13,ORB1,true,3.00384330749512,23.0325012207031,-20.9492778778076,19,2.05319705910532,0.773326192881181,OFC,0.947803585221037,0.1875624875025
S16,ORB1,false,-2.8836932182312,41.0416946411133,-27.5703277587891,8,2.53853658975015,4.51132272205838,OFC,-0.0372781639726042,0.387422515496901
S16,ORB1,true,-2.8836932182312,41.0416946411133,-27.5703277587891,41,1.37162068490249,1.17699222575944,OFC,-1.70593213942181,0.127774445110978
S20,ORB1,false,-13.965705871582,51.2802658081055,-21.2844047546387,17,4.32809841294211,4.63299590487093,OFC,0.524546808947545,0.30753849230154
S20,ORB1,true,-13.965705871582,51.2802658081055,-21.2844047546387,24,4.1606611349592,2.2651844517004,OFC,0.748159167036083,0.235152969406119
S08,ORB20,false,-17.9570770263672,31.8198280334473,-23.3040065765381,22,3.24918190268181,1.25151619043541,OFC,0.251845712077057,0.305338932213557
S08,ORB20,true,-17.9570770263672,31.8198280334473,-23.3040065765381,24,2.778683412667,1.17816249494227,OFC,0.941518823426553,0.262747450509898
S16,ORB20,false,-13.6883544921875,22.2791423797607,-24.3378353118896,8,2.53853658975015,4.51132272205838,OFC,0.81605997280144,0.214557088582284
S16,ORB20,true,-13.6883544921875,22.2791423797607,-24.3378353118896,41,1.37162068490249,1.17699222575944,OFC,-0.106734011150387,0.445410917816437
S20,ORB20,false,-16.8610496520996,31.9373016357422,-23.898286819458,17,4.32809841294211,4.63299590487093,OFC,1.56377494823699,0.0663867226554689
S20,ORB20,true,-16.8610496520996,31.9373016357422,-23.898286819458,24,4.1606611349592,2.2651844517004,OFC,-0.115127331984505,0.457308538292342
S08,ORB21,false,-29.3640995025635,24.3274879455566,-23.4037742614746,22,3.24918190268181,1.25151619043541,OFC,-1.17737938960269,0.135772845430914
S08,ORB21,true,-29.3640995025635,24.3274879455566,-23.4037742614746,24,2.778683412667,1.17816249494227,OFC,0.163567328648252,0.350929814037193
S16,ORB21,false,-16.0643711090088,21.2401905059814,-24.0959358215332,8,2.53853658975015,4.51132272205838,OFC,0.724649717800038,0.262647470505899
S16,ORB21,true,-16.0643711090088,21.2401905059814,-24.0959358215332,41,1.37162068490249,1.17699222575944,OFC,-0.962533288670656,0.300539892021596
S20,ORB21,false,-21.0364189147949,30.6303653717041,-19.4756355285645,17,4.32809841294211,4.63299590487093,OFC,0.525712502455459,0.299340131973605
S20,ORB21,true,-21.0364189147949,30.6303653717041,-19.4756355285645,24,4.1606611349592,2.2651844517004,OFC,0.783452754966557,0.2249550089982
S08,ORB22,false,-34.4006576538086,23.3124313354492,-21.6968173980713,22,3.24918190268181,1.25151619043541,OFC,0.156884164411088,0.420815836832633
S08,ORB22,true,-34.4006576538086,23.3124313354492,-21.6968173980713,24,2.778683412667,1.17816249494227,OFC,0.0427161788959846,0.134273145370926
S16,ORB22,false,-20.6751232147217,26.2660121917725,-18.384033203125,8,2.53853658975015,4.51132272205838,OFC,-0.720356707079366,0.214357128574285
S16,ORB22,true,-20.6751232147217,26.2660121917725,-18.384033203125,41,1.37162068490249,1.17699222575944,OFC,-0.537662867967863,0.305738852229554
S20,ORB22,false,-30.8023624420166,28.6038875579834,-20.609712600708,17,4.32809841294211,4.63299590487093,OFC,1.41734235570587,0.0869826034793041
S20,ORB22,true,-30.8023624420166,28.6038875579834,-20.609712600708,24,4.1606611349592,2.2651844517004,OFC,0.0653703655574834,0.474505098980204
S08,ORB23,false,-36.9395751953125,24.504566192627,-19.4005165100098,22,3.24918190268181,1.25151619043541,OFC,0.442272777103819,0.335132973405319
S08,ORB23,true,-36.9395751953125,24.504566192627,-19.4005165100098,24,2.778683412667,1.17816249494227,OFC,0.972277773029574,0.198860227954409
S16,ORB23,false,-38.7363204956055,24.5317192077637,-17.9301090240479,8,2.53853658975015,4.51132272205838,OFC,-0.870248116101691,0.252749450109978
S16,ORB23,true,-38.7363204956055,24.5317192077637,-17.9301090240479,41,1.37162068490249,1.17699222575944,OFC,0.443239273158785,0.131173765246951
S08,ORB24,false,-40.3325157165527,26.1824989318848,-16.923900604248,22,3.24918190268181,1.25151619043541,OFC,2.19551034751786,0.0167966406718656
S08,ORB24,true,-40.3325157165527,26.1824989318848,-16.923900604248,24,2.778683412667,1.17816249494227,OFC,2.62427029114666,0.00879824035192961
S16,ORB24,false,-48.4143142700195,33.9257698059082,-12.7008333206177,8,2.53853658975015,4.51132272205838,OFC,-0.360105636487664,0.333233353329334
S16,ORB24,true,-48.4143142700195,33.9257698059082,-12.7008333206177,41,1.37162068490249,1.17699222575944,OFC,-0.23413757828847,0.405418916216757
S08,ORB25,false,-1.19246792793274,32.4448890686035,-27.437427520752,22,3.24918190268181,1.25151619043541,OFC,-1.38324838771858,0.099380123975205
S08,ORB25,true,-1.19246792793274,32.4448890686035,-27.437427520752,24,2.778683412667,1.17816249494227,OFC,-2.58960066371887,0.0395920815836833
S08,ORB26,false,-4.77758502960205,30.8936824798584,-27.1723594665527,22,3.24918190268181,1.25151619043541,OFC,-0.444369802678948,0.335732853429314
S08,ORB26,true,-4.77758502960205,30.8936824798584,-27.1723594665527,24,2.778683412667,1.17816249494227,OFC,-0.814974874096139,0.222655468906219
S08,ORB27,false,-12.6236696243286,28.2456016540527,-24.735279083252,22,3.24918190268181,1.25151619043541,OFC,0.581045801233423,0.287342531493701
S08,ORB27,true,-12.6236696243286,28.2456016540527,-24.735279083252,24,2.778683412667,1.17816249494227,OFC,0.868638949667584,0.217256548690262
S08,ORB28,false,-15.2407665252686,26.9651679992676,-24.6513423919678,22,3.24918190268181,1.25151619043541,OFC,-0.678660317006283,0.29124175164967
S08,ORB28,true,-15.2407665252686,26.9651679992676,-24.6513423919678,24,2.778683412667,1.17816249494227,OFC,-0.289276918629401,0.162567486502699
S08,ORB29,false,-29.6037349700928,21.4210224151611,-24.5691032409668,22,3.24918190268181,1.25151619043541,OFC,0.717073868296759,0.277844431113777
S08,ORB29,true,-29.6037349700928,21.4210224151611,-24.5691032409668,24,2.778683412667,1.17816249494227,OFC,1.79619887755509,0.114577084583083
S08,ORB2,false,-4.28159999847412,48.1203384399414,-25.5577507019043,22,3.24918190268181,1.25151619043541,OFC,-0.317924393754293,0.215356928614277
S08,ORB2,true,-4.28159999847412,48.1203384399414,-25.5577507019043,24,2.778683412667,1.17816249494227,OFC,-1.34145663974306,0.107578484303139
S10,ORB2,false,2.95382440090179,27.0293025970459,-21.8131237030029,22,1.52066996958456,0.20926327577627,OFC,0.659641099382547,0.25621542358195
S10,ORB2,true,2.95382440090179,27.0293025970459,-21.8131237030029,15,1.20356427513179,0.120999163028466,OFC,0.910097746885238,0.195427581150437
S11,ORB2,false,-14.2477569580078,38.3634300231934,-24.4008922576904,31,3.13280123683827,1.5079777149769,OFC,-1.8002062376194,0.0452909418116377
S11,ORB2,true,-14.2477569580078,38.3634300231934,-24.4008922576904,19,3.00566312994832,1.6044772869701,OFC,-0.319530771881724,0.0358928214357129
S12,ORB2,false,19.2724685668945,30.6874141693115,-25.2232723236084,27,2.68538197918679,0.39486715214801,OFC,1.47613684079304,0.13497300539892
S12,ORB2,true,19.2724685668945,30.6874141693115,-25.2232723236084,21,2.43446190671724,0.427682226571899,OFC,1.3840403972646,0.0968806238752249
S13,ORB2,false,6.05965852737427,21.7276077270508,-25.6100826263428,23,1.97788965399996,0.181727460398453,OFC,0.454356729856683,0.33003399320136
S13,ORB2,true,6.05965852737427,21.7276077270508,-25.6100826263428,19,2.05319705910532,0.773326192881181,OFC,0.265552601431745,0.404819036192761
S16,ORB2,false,-11.5364694595337,40.8789558410645,-25.0670261383057,8,2.53853658975015,4.51132272205838,OFC,0.887775348450106,0.264147170565887
S16,ORB2,true,-11.5364694595337,40.8789558410645,-25.0670261383057,41,1.37162068490249,1.17699222575944,OFC,0.364238255026612,0.273245350929814
S20,ORB2,false,-21.2107944488525,49.9539756774902,-15.7635536193848,17,4.32809841294211,4.63299590487093,OFC,-0.130836115611622,0.441911617676465
S20,ORB2,true,-21.2107944488525,49.9539756774902,-15.7635536193848,24,4.1606611349592,2.2651844517004,OFC,0.730466728141385,0.239552089582084
S08,ORB30,false,-33.7291030883789,21.1367321014404,-21.789249420166,22,3.24918190268181,1.25151619043541,OFC,-0.395470429956001,0.221455708858228
S08,ORB30,true,-33.7291030883789,21.1367321014404,-21.789249420166,24,2.778683412667,1.17816249494227,OFC,0.0125502242398246,0.287142571485703
S08,ORB31,false,-36.349967956543,21.8641719818115,-18.6424560546875,22,3.24918190268181,1.25151619043541,OFC,1.50233421200773,0.176964607078584
S08,ORB31,true,-36.349967956543,21.8641719818115,-18.6424560546875,24,2.778683412667,1.17816249494227,OFC,0.716852281597972,0.238652269546091
S08,ORB32,false,-40.6432571411133,25.1194858551025,-16.4866237640381,22,3.24918190268181,1.25151619043541,OFC,0.495300220232852,0.323535292941412
S08,ORB32,true,-40.6432571411133,25.1194858551025,-16.4866237640381,24,2.778683412667,1.17816249494227,OFC,0.354838291686387,0.0646870625874825
S08,ORB3,false,-12.4820919036865,47.4909057617188,-24.2376041412354,22,3.24918190268181,1.25151619043541,OFC,-0.491350655044035,0.320635872825435
S08,ORB3,true,-12.4820919036865,47.4909057617188,-24.2376041412354,24,2.778683412667,1.17816249494227,OFC,-0.610924153288482,0.283543291341732
S10,ORB3,false,6.46786403656006,25.8186378479004,-26.8097038269043,22,1.52066996958456,0.20926327577627,OFC,-0.1695723954216,0.167766446710658
S10,ORB3,true,6.46786403656006,25.8186378479004,-26.8097038269043,15,1.20356427513179,0.120999163028466,OFC,0.214197960094651,0.175964807038592
S11,ORB3,false,-21.3002834320068,33.8625411987305,-19.0293865203857,31,3.13280123683827,1.5079777149769,OFC,-2.48666148059832,0.0511897620475905
S11,ORB3,true,-21.3002834320068,33.8625411987305,-19.0293865203857,19,3.00566312994832,1.6044772869701,OFC,-2.08447400487289,0.0855828834233153
S12,ORB3,false,36.7073783874512,33.2855262756348,-16.4273338317871,27,2.68538197918679,0.39486715214801,OFC,2.38943562331192,0.0137972405518896
S12,ORB3,true,36.7073783874512,33.2855262756348,-16.4273338317871,21,2.43446190671724,0.427682226571899,OFC,1.51103865653075,0.0846830633873225
S13,ORB3,false,17.9468078613281,24.3071441650391,-25.6277122497559,23,1.97788965399996,0.181727460398453,OFC,1.12162337028543,0.146170765846831
S13,ORB3,true,17.9468078613281,24.3071441650391,-25.6277122497559,19,2.05319705910532,0.773326192881181,OFC,0.448732461294778,0.16626674665067
S16,ORB3,false,-14.9908199310303,44.1020622253418,-22.6832237243652,8,2.53853658975015,4.51132272205838,OFC,-1.18731668393825,0.207858428314337
S16,ORB3,true,-14.9908199310303,44.1020622253418,-22.6832237243652,41,1.37162068490249,1.17699222575944,OFC,0.528184362523872,0.292941411717656
S18,ORB3,false,21.9265441894531,26.3812713623047,-22.905424118042,32,5.50042697537629,6.06057911922154,OFC,1.05141257515436,0.0735852829434113
S18,ORB3,true,21.9265441894531,26.3812713623047,-22.905424118042,15,5.97078364139888,8.89223421383454,OFC,1.75473541273285,0.211557688462308
S20,ORB3,false,-29.6694183349609,50.0796089172363,-14.6341724395752,17,4.32809841294211,4.63299590487093,OFC,0.666586001608824,0.257948410317936
S20,ORB3,true,-29.6694183349609,50.0796089172363,-14.6341724395752,24,4.1606611349592,2.2651844517004,OFC,1.82089827139873,0.0447910417916417
S08,ORB4,false,-15.478099822998,49.017204284668,-20.0423526763916,22,3.24918190268181,1.25151619043541,OFC,-0.160714306105938,0.121175764847031
S08,ORB4,true,-15.478099822998,49.017204284668,-20.0423526763916,24,2.778683412667,1.17816249494227,OFC,0.0929179818735862,0.133173365326935
S10,ORB4,false,13.6340608596802,26.4487800598145,-27.1135444641113,22,1.52066996958456,0.20926327577627,OFC,0.94299955077876,0.241418382990069
S10,ORB4,true,13.6340608596802,26.4487800598145,-27.1135444641113,15,1.20356427513179,0.120999163028466,OFC,0.281273294803956,0.256681996933946
S11,ORB4,false,-30.4734230041504,31.7291011810303,-18.69211769104,31,3.13280123683827,1.5079777149769,OFC,0.152911938295615,0.224255148970206
S11,ORB4,true,-30.4734230041504,31.7291011810303,-18.69211769104,19,3.00566312994832,1.6044772869701,OFC,0.567509521835708,0.103379324135173
S12,ORB4,false,44.7663192749023,38.8134231567383,-16.0888576507568,27,2.68538197918679,0.39486715214801,OFC,1.18164208078496,0.238852229554089
S12,ORB4,true,44.7663192749023,38.8134231567383,-16.0888576507568,21,2.43446190671724,0.427682226571899,OFC,0.147359119746589,0.305438912217556
S13,ORB4,false,34.0634155273438,24.1092700958252,-22.1322250366211,23,1.97788965399996,0.181727460398453,OFC,2.53308882305804,0.171765646870626
S13,ORB4,true,34.0634155273438,24.1092700958252,-22.1322250366211,19,2.05319705910532,0.773326192881181,OFC,1.44528383729612,0.0936812637472506
S16,ORB4,false,-17.8207015991211,42.5327224731445,-19.3115062713623,8,2.53853658975015,4.51132272205838,OFC,-0.0635827963081566,0.165466906618676
S16,ORB4,true,-17.8207015991211,42.5327224731445,-19.3115062713623,41,1.37162068490249,1.17699222575944,OFC,-1.01664693721091,0.154169166166767
S20,ORB4,false,-34.1819114685059,48.4049301147461,-12.0897388458252,17,4.32809841294211,4.63299590487093,OFC,0.745995718971082,0.230753849230154
S20,ORB4,true,-34.1819114685059,48.4049301147461,-12.0897388458252,24,4.1606611349592,2.2651844517004,OFC,2.09570055662294,0.0255948810237952
S08,ORB5,false,-23.3820457458496,51.4561386108398,-13.6718120574951,22,3.24918190268181,1.25151619043541,OFC,-0.545746627650114,0.182263547290542
S08,ORB5,true,-23.3820457458496,51.4561386108398,-13.6718120574951,24,2.778683412667,1.17816249494227,OFC,0.417758994423197,0.267846430713857
S10,ORB5,false,31.4028377532959,23.9823017120361,-22.9057006835938,22,1.52066996958456,0.20926327577627,OFC,-0.296942478756892,0.25874825034993
S10,ORB5,true,31.4028377532959,23.9823017120361,-22.9057006835938,15,1.20356427513179,0.120999163028466,OFC,0.42395006776256,0.286142771445711
S11,ORB5,false,-38.7995834350586,26.8682441711426,-18.048583984375,31,3.13280123683827,1.5079777149769,OFC,-1.49199751728923,0.105778844231154
S11,ORB5,true,-38.7995834350586,26.8682441711426,-18.048583984375,19,3.00566312994832,1.6044772869701,OFC,-0.579994020873404,0.300239952009598
S12,ORB5,false,51.1066017150879,38.9372024536133,-10.5026292800903,27,2.68538197918679,0.39486715214801,OFC,1.46703389764325,0.0803839232153569
S12,ORB5,true,51.1066017150879,38.9372024536133,-10.5026292800903,21,2.43446190671724,0.427682226571899,OFC,0.373298792045341,0.360227954409118
S13,ORB5,false,41.6567573547363,23.8032245635986,-16.3035259246826,23,1.97788965399996,0.181727460398453,OFC,0.925735889442309,0.219756048790242
S13,ORB5,true,41.6567573547363,23.8032245635986,-16.3035259246826,19,2.05319705910532,0.773326192881181,OFC,-1.05473074594252,0.171465706858628
S16,ORB5,false,-22.9632148742676,47.1896934509277,-12.7139911651611,8,2.53853658975015,4.51132272205838,OFC,0.823580849901992,0.255648870225955
S16,ORB5,true,-22.9632148742676,47.1896934509277,-12.7139911651611,41,1.37162068490249,1.17699222575944,OFC,1.0800705034737,0.161767646470706
S20,ORB5,false,-36.3875045776367,48.0960083007812,-12.5617599487305,17,4.32809841294211,4.63299590487093,OFC,1.83635900412526,0.0425914817036593
S20,ORB5,true,-36.3875045776367,48.0960083007812,-12.5617599487305,24,4.1606611349592,2.2651844517004,OFC,1.43943439733569,0.0893821235752849
S08,ORB6,false,-26.585994720459,54.025016784668,-13.0584306716919,22,3.24918190268181,1.25151619043541,OFC,0.222488233931889,0.425614877024595
S08,ORB6,true,-26.585994720459,54.025016784668,-13.0584306716919,24,2.778683412667,1.17816249494227,OFC,-0.687705090115196,0.253949210157968
S10,ORB6,false,37.1727066040039,28.0149230957031,-20.5574550628662,22,1.52066996958456,0.20926327577627,OFC,0.488671261448985,0.214490435246284
S10,ORB6,true,37.1727066040039,28.0149230957031,-20.5574550628662,15,1.20356427513179,0.120999163028466,OFC,0.674072420295184,0.260081317069919
S11,ORB6,false,-43.2147903442383,26.582311630249,-15.0160179138184,31,3.13280123683827,1.5079777149769,OFC,-1.41053810721827,0.100279944011198
S11,ORB6,true,-43.2147903442383,26.582311630249,-15.0160179138184,19,3.00566312994832,1.6044772869701,OFC,-0.611338614320236,0.150569886022795
S13,ORB6,false,45.1924514770508,24.8531970977783,-12.3577756881714,23,1.97788965399996,0.181727460398453,OFC,-0.153823544075285,0.0786842631473705
S13,ORB6,true,45.1924514770508,24.8531970977783,-12.3577756881714,19,2.05319705910532,0.773326192881181,OFC,-1.3324320653939,0.130873825234953
S16,ORB6,false,-34.4590377807617,50.4111785888672,-11.605131149292,8,2.53853658975015,4.51132272205838,OFC,0.430499132595925,0.128674265146971
S16,ORB6,true,-34.4590377807617,50.4111785888672,-11.605131149292,41,1.37162068490249,1.17699222575944,OFC,-0.0373494277497522,0.393421315736853
S20,ORB6,false,-39.7046279907227,46.8161201477051,-14.0783176422119,17,4.32809841294211,4.63299590487093,OFC,1.34321567695519,0.099380123975205
S20,ORB6,true,-39.7046279907227,46.8161201477051,-14.0783176422119,24,4.1606611349592,2.2651844517004,OFC,0.71025605608377,0.25754849030194
S08,ORB7,false,-31.55615234375,58.4074325561523,-12.8359651565552,22,3.24918190268181,1.25151619043541,OFC,-0.157007690170524,0.199560087982404
S08,ORB7,true,-31.55615234375,58.4074325561523,-12.8359651565552,24,2.778683412667,1.17816249494227,OFC,-1.40973109904785,0.0823835232953409
S13,ORB7,false,3.26201224327087,32.4029273986816,-23.3562240600586,23,1.97788965399996,0.181727460398453,OFC,1.85688891282361,0.0441911617676465
S13,ORB7,true,3.26201224327087,32.4029273986816,-23.3562240600586,19,2.05319705910532,0.773326192881181,OFC,1.03497386953333,0.251149770045991
S16,ORB7,false,-1.57928657531738,34.9925117492676,-27.9643287658691,8,2.53853658975015,4.51132272205838,OFC,1.29433052281627,0.114377124575085
S16,ORB7,true,-1.57928657531738,34.9925117492676,-27.9643287658691,41,1.37162068490249,1.17699222575944,OFC,2.36913978579237,0.0451909618076385
S18,ORB7,false,8.68717479705811,25.1199493408203,-25.7790412902832,32,5.50042697537629,6.06057911922154,OFC,0.456659186167039,0.244884356462041
S18,ORB7,true,8.68717479705811,25.1199493408203,-25.7790412902832,15,5.97078364139888,8.89223421383454,OFC,-0.453134858356977,0.327667799773379
S20,ORB7,false,-14.667088508606,44.9220657348633,-22.8334102630615,17,4.32809841294211,4.63299590487093,OFC,2.4311493167072,0.0125974805038992
S20,ORB7,true,-14.667088508606,44.9220657348633,-22.8334102630615,24,4.1606611349592,2.2651844517004,OFC,2.11192383220564,0.0227954409118176
S08,ORB8,false,-34.3208503723145,58.123851776123,-5.50146627426147,22,3.24918190268181,1.25151619043541,OFC,0.544618695274323,0.31003799240152
S08,ORB8,true,-34.3208503723145,58.123851776123,-5.50146627426147,24,2.778683412667,1.17816249494227,OFC,0.0873413716454577,0.47130573885223
S13,ORB8,false,5.13753032684326,31.8839683532715,-27.0618343353271,23,1.97788965399996,0.181727460398453,OFC,0.663657690667247,0.222055588882224
S13,ORB8,true,5.13753032684326,31.8839683532715,-27.0618343353271,19,2.05319705910532,0.773326192881181,OFC,0.30609200473451,0.343331333733253
S16,ORB8,false,-14.2882204055786,35.7276496887207,-24.685094833374,8,2.53853658975015,4.51132272205838,OFC,-1.03936014256745,0.159268146370726
S16,ORB8,true,-14.2882204055786,35.7276496887207,-24.685094833374,41,1.37162068490249,1.17699222575944,OFC,-0.923372415426706,0.22245550889822
S18,ORB8,false,16.6647109985352,26.5962524414062,-26.5074462890625,32,5.50042697537629,6.06057911922154,OFC,0.412400812779834,0.355595547557155
S18,ORB8,true,16.6647109985352,26.5962524414062,-26.5074462890625,15,5.97078364139888,8.89223421383454,OFC,0.0289753244897931,0.327401186429381
S20,ORB8,false,-18.9666442871094,45.3026657104492,-16.2534275054932,17,4.32809841294211,4.63299590487093,OFC,0.892369304022916,0.194761047790442
S20,ORB8,true,-18.9666442871094,45.3026657104492,-16.2534275054932,24,4.1606611349592,2.2651844517004,OFC,0.114763297950522,0.457308538292342
S08,ORB9,false,-2.43689489364624,43.3044929504395,-27.2813911437988,22,3.24918190268181,1.25151619043541,OFC,0.443131109974791,0.227054589082184
S08,ORB9,true,-2.43689489364624,43.3044929504395,-27.2813911437988,24,2.778683412667,1.17816249494227,OFC,0.463614262370652,0.316936612677465
S13,ORB9,false,16.6882495880127,33.5371742248535,-26.9830379486084,23,1.97788965399996,0.181727460398453,OFC,0.389748428944441,0.346530693861228
S13,ORB9,true,16.6882495880127,33.5371742248535,-26.9830379486084,19,2.05319705910532,0.773326192881181,OFC,0.56748421109992,0.158268346330734
S16,ORB9,false,-15.9749698638916,35.5028953552246,-23.8433895111084,8,2.53853658975015,4.51132272205838,OFC,-1.1720895877423,0.188262347530494
S16,ORB9,true,-15.9749698638916,35.5028953552246,-23.8433895111084,41,1.37162068490249,1.17699222575944,OFC,0.392329290787071,0.301039792041592
S18,ORB9,false,24.5600967407227,31.6819038391113,-20.6949596405029,32,5.50042697537629,6.06057911922154,OFC,0.227137654433721,0.372192228221022
S18,ORB9,true,24.5600967407227,31.6819038391113,-20.6949596405029,15,5.97078364139888,8.89223421383454,OFC,-0.167055581028366,0.178564287142571
S20,ORB9,false,-22.2248268127441,42.5436134338379,-16.7292308807373,17,4.32809841294211,4.63299590487093,OFC,-0.0511909157234447,0.486902619476105
S20,ORB9,true,-22.2248268127441,42.5436134338379,-16.7292308807373,24,4.1606611349592,2.2651844517004,OFC,-0.347688387673884,0.362327534493101
S01,ORBS1,false,-9.04588508605957,44.7288017272949,-24.1109657287598,16,5.19563434887459,2.66295329890761,OFC,-0.493706318762083,0.329834033193361
S01,ORBS1,true,-9.04588508605957,44.7288017272949,-24.1109657287598,31,4.5688910945159,3.4249532477577,OFC,0.435436104402869,0.147370525894821
S01,ORBS2,false,-14.4630098342896,41.1875534057617,-23.9108219146729,16,5.19563434887459,2.66295329890761,OFC,0.18014786468944,0.102879424115177
S01,ORBS2,true,-14.4630098342896,41.1875534057617,-23.9108219146729,31,4.5688910945159,3.4249532477577,OFC,-0.116787261277206,0.121075784843031
S01,ORBS3,false,-20.6313304901123,34.8920707702637,-20.0818748474121,16,5.19563434887459,2.66295329890761,OFC,-1.84840884436423,0.0600879824035193
S01,ORBS3,true,-20.6313304901123,34.8920707702637,-20.0818748474121,31,4.5688910945159,3.4249532477577,OFC,-1.41164031253883,0.0866826634673065
S01,ORBS4,false,-36.3070793151855,43.5931968688965,-14.2517194747925,16,5.19563434887459,2.66295329890761,OFC,-0.880683201680426,0.230453909218156
S01,ORBS4,true,-36.3070793151855,43.5931968688965,-14.2517194747925,31,4.5688910945159,3.4249532477577,OFC,0.283170848658697,0.24755048990202
S17,PFCA1,false,-14.1453943507919,50.9694024125976,-4.94146671462249,24,2.29442822958299,0.883657110794203,MPFC,1.10820127634668,0.154669066186763
S17,PFCA1,true,-14.1453943507919,50.9694024125976,-4.94146671462249,15,1.84520945473341,1.14887633359605,MPFC,-1.43973316020296,0.114077184563087
S14,POF1,false,3.37274646759033,33.0961074829102,-24.0323009490967,24,4.76187049599927,6.60386416104414,OFC,-0.776359309006185,0.17746450709858
S14,POF1,true,3.37274646759033,33.0961074829102,-24.0323009490967,20,4.12499589335057,2.38528799276107,OFC,-0.178144771351389,0.0461907618476305
S14,POF2,false,3.39569664001465,24.8704376220703,-23.8288841247559,24,4.76187049599927,6.60386416104414,OFC,-1.85848625740867,0.0268946210757848
S14,POF2,true,3.39569664001465,24.8704376220703,-23.8288841247559,20,4.12499589335057,2.38528799276107,OFC,-1.04058275655089,0.202059588082384
S14,POF3,false,13.2167377471924,24.3811130523682,-26.7168827056885,24,4.76187049599927,6.60386416104414,OFC,-1.61738586034887,0.0816836632673465
S14,POF3,true,13.2167377471924,24.3811130523682,-26.7168827056885,20,4.12499589335057,2.38528799276107,OFC,-0.427362058470537,0.101979604079184
S14,POF4,false,19.2737102508545,22.2855968475342,-24.8938655853271,24,4.76187049599927,6.60386416104414,OFC,-0.975710315379456,0.198560287942412
S14,POF4,true,19.2737102508545,22.2855968475342,-24.8938655853271,20,4.12499589335057,2.38528799276107,OFC,-0.830967127959221,0.23625274945011
S14,POF5,false,34.6713752746582,23.6147727966309,-21.7905044555664,24,4.76187049599927,6.60386416104414,OFC,-1.1313400772776,0.14497100579884
S14,POF5,true,34.6713752746582,23.6147727966309,-21.7905044555664,20,4.12499589335057,2.38528799276107,OFC,-0.130159598974562,0.193261347730454
S14,POF6,false,39.4969863891602,25.111837387085,-19.3818073272705,24,4.76187049599927,6.60386416104414,OFC,0.271328871206046,0.308238352329534
S14,POF6,true,39.4969863891602,25.111837387085,-19.3818073272705,20,4.12499589335057,2.38528799276107,OFC,-0.209145718947373,0.23005398920216
S05,PORB1,false,-4.17133140563965,30.4045295715332,-27.3544254302979,26,5.00558286857701,4.25127564729605,OFC,0.880928254182981,0.215256948610278
S05,PORB1,true,-4.17133140563965,30.4045295715332,-27.3544254302979,24,3.70534012591694,1.9440115874584,OFC,0.373091932444571,0.229454109178164
S05,PORB2,false,-16.4843139648438,29.7581176757812,-24.1985893249512,26,5.00558286857701,4.25127564729605,OFC,0.511806952750244,0.324335132973405
S05,PORB2,true,-16.4843139648438,29.7581176757812,-24.1985893249512,24,3.70534012591694,1.9440115874584,OFC,0.821354198755163,0.223155368926215
S05,PORB3,false,-20.9330806732178,28.1895408630371,-18.6310920715332,26,5.00558286857701,4.25127564729605,OFC,2.20812947190995,0.0196960607878424
S05,PORB3,true,-20.9330806732178,28.1895408630371,-18.6310920715332,24,3.70534012591694,1.9440115874584,OFC,1.45753404329273,0.0937812437512497
S05,PORB4,false,-35.5105628967285,27.6236934661865,-19.8468437194824,26,5.00558286857701,4.25127564729605,OFC,2.41103502069573,0.0223955208958208
S05,PORB4,true,-35.5105628967285,27.6236934661865,-19.8468437194824,24,3.70534012591694,1.9440115874584,OFC,3.50758386489493,0.0011997600479904
S05,PORB5,false,-47.1323928833008,32.574951171875,-14.2913541793823,26,5.00558286857701,4.25127564729605,OFC,2.48957604470821,0.0242951409718056
S05,PORB5,true,-47.1323928833008,32.574951171875,-14.2913541793823,24,3.70534012591694,1.9440115874584,OFC,1.1430472862242,0.135872825434913
S15,RAIH1,false,3.57733464241028,48.3622817993164,-17.1966972351074,28,3.21489397567859,1.59329151043231,MPFC,2.40344017522161,0.00913150703192695
S15,RAIH1,true,3.57733464241028,48.3622817993164,-17.1966972351074,22,3.65895290036358,4.98561454862207,MPFC,1.25287907911844,0.0420582550156635
S15,RAIH2,false,5.43575239181519,52.4418449401855,-14.6086292266846,28,3.21489397567859,1.59329151043231,MPFC,2.41236258950128,0.0185962807438512
S15,RAIH2,true,5.43575239181519,52.4418449401855,-14.6086292266846,22,3.65895290036358,4.98561454862207,MPFC,2.08293866064172,0.109578084383123
S15,RAIH3,false,10.0326442718506,51.3977966308594,-7.83959007263184,28,3.21489397567859,1.59329151043231,MPFC,0.257146080979187,0.306605345597547
S15,RAIH3,true,10.0326442718506,51.3977966308594,-7.83959007263184,22,3.65895290036358,4.98561454862207,MPFC,-0.479648937501544,0.229087515830167
S15,RAIH4,false,9.10298347473145,53.6539688110352,-5.06336688995361,28,3.21489397567859,1.59329151043231,MPFC,-0.173034759845592,0.244617743118043
S15,RAIH4,true,9.10298347473145,53.6539688110352,-5.06336688995361,22,3.65895290036358,4.98561454862207,MPFC,-0.842997425769095,0.227821102446177
S15,RFG10,false,31.1794013977051,42.9950332641602,-14.9772920608521,28,3.21489397567859,1.59329151043231,OFC,1.32747587012454,0.111977604479104
S15,RFG10,true,31.1794013977051,42.9950332641602,-14.9772920608521,22,3.65895290036358,4.98561454862207,OFC,1.49114223569044,0.167099913350663
S15,RFG11,false,44.4549102783203,45.260124206543,-15.0813865661621,28,3.21489397567859,1.59329151043231,OFC,1.8029761111043,0.130640538558955
S15,RFG11,true,44.4549102783203,45.260124206543,-15.0813865661621,22,3.65895290036358,4.98561454862207,OFC,2.21928498184802,0.0783176697993734
S15,RFG12,false,45.5398864746094,42.4585876464844,-15.7102527618408,28,3.21489397567859,1.59329151043231,OFC,0.598314569422212,0.234486436046124
S15,RFG12,true,45.5398864746094,42.4585876464844,-15.7102527618408,22,3.65895290036358,4.98561454862207,OFC,0.526734932655759,0.0938478970872492
S15,RFG13,false,12.0231580734253,47.4379272460938,-26.7554512023926,28,3.21489397567859,1.59329151043231,OFC,1.32689716680173,0.15876824635073
S15,RFG13,true,12.0231580734253,47.4379272460938,-26.7554512023926,22,3.65895290036358,4.98561454862207,OFC,1.43276697391058,0.0891821635672865
S15,RFG14,false,17.4467258453369,46.2786102294922,-23.284423828125,28,3.21489397567859,1.59329151043231,OFC,1.30736632324268,0.196494034526428
S15,RFG14,true,17.4467258453369,46.2786102294922,-23.284423828125,22,3.65895290036358,4.98561454862207,OFC,0.917953877680772,0.228554289142172
S15,RFG15,false,23.1310119628906,48.0142936706543,-14.1155881881714,28,3.21489397567859,1.59329151043231,OFC,1.585315410697,0.0995134306472039
S15,RFG15,true,23.1310119628906,48.0142936706543,-14.1155881881714,22,3.65895290036358,4.98561454862207,OFC,0.526852231549861,0.267279877357862
S15,RFG16,false,29.058801651001,49.0343933105469,-12.759069442749,28,3.21489397567859,1.59329151043231,OFC,1.68795406348001,0.053122708791575
S15,RFG16,true,29.058801651001,49.0343933105469,-12.759069442749,22,3.65895290036358,4.98561454862207,OFC,1.22628034242929,0.11504365793508
S15,RFG17,false,44.9264678955078,52.3876266479492,-9.09526634216309,28,3.21489397567859,1.59329151043231,OFC,0.924658787956105,0.204825701526361
S15,RFG17,true,44.9264678955078,52.3876266479492,-9.09526634216309,22,3.65895290036358,4.98561454862207,OFC,-0.174755328231589,0.326601346397387
S15,RFG18,false,45.8784255981445,47.5706558227539,-4.68576335906982,28,3.21489397567859,1.59329151043231,OFC,1.20592197566171,0.285142971405719
S15,RFG18,true,45.8784255981445,47.5706558227539,-4.68576335906982,22,3.65895290036358,4.98561454862207,OFC,0.431385514343797,0.318402986069453
S15,RFG19,false,13.5602512359619,57.2414436340332,-22.7892875671387,28,3.21489397567859,1.59329151043231,OFC,0.0113070513165089,0.221155768846231
S15,RFG19,true,13.5602512359619,57.2414436340332,-22.7892875671387,22,3.65895290036358,4.98561454862207,OFC,1.1902458750427,0.13370659201493
S15,RFG1,false,4.67632055282593,39.8628311157227,-26.32493019104,28,3.21489397567859,1.59329151043231,OFC,0.909823706433841,0.210824501766313
S15,RFG1,true,4.67632055282593,39.8628311157227,-26.32493019104,22,3.65895290036358,4.98561454862207,OFC,1.08668146997895,0.223888555622209
S15,RFG20,false,18.7959957122803,54.698314666748,-17.742244720459,28,3.21489397567859,1.59329151043231,OFC,2.06020819984329,0.050256615343598
S15,RFG20,true,18.7959957122803,54.698314666748,-17.742244720459,22,3.65895290036358,4.98561454862207,OFC,2.06120253614012,0.0608544957675132
S15,RFG21,false,24.3631858825684,53.9531059265137,-14.9366893768311,28,3.21489397567859,1.59329151043231,OFC,2.6249995813579,0.0125308271678998
S15,RFG21,true,24.3631858825684,53.9531059265137,-14.9366893768311,22,3.65895290036358,4.98561454862207,OFC,1.28189961931348,0.230553889222156
S15,RFG22,false,29.5465507507324,56.6301155090332,-13.3483400344849,28,3.21489397567859,1.59329151043231,OFC,-1.16272928751355,0.163167366526695
S15,RFG22,true,29.5465507507324,56.6301155090332,-13.3483400344849,22,3.65895290036358,4.98561454862207,OFC,-0.459681392361239,0.349930013997201
S15,RFG23,false,40.9844589233398,58.6165542602539,-6.81472015380859,28,3.21489397567859,1.59329151043231,OFC,1.34466129298821,0.172098913550623
S15,RFG23,true,40.9844589233398,58.6165542602539,-6.81472015380859,22,3.65895290036358,4.98561454862207,OFC,1.59847342775211,0.0697860427914417
S15,RFG24,false,43.473804473877,53.2200546264648,-0.0892515182495117,28,3.21489397567859,1.59329151043231,OFC,1.45171448051073,0.178897553822569
S15,RFG24,true,43.473804473877,53.2200546264648,-0.0892515182495117,22,3.65895290036358,4.98561454862207,OFC,0.107331443882332,0.171432380190629
S15,RFG2,false,16.2631425857544,34.4900588989258,-27.1337280273438,28,3.21489397567859,1.59329151043231,OFC,0.489710572996728,0.123242018263014
S15,RFG2,true,16.2631425857544,34.4900588989258,-27.1337280273438,22,3.65895290036358,4.98561454862207,OFC,-0.991746260858784,0.210891155102313
S15,RFG3,false,24.5600967407227,31.6819038391113,-20.6949596405029,28,3.21489397567859,1.59329151043231,OFC,1.0444886845768,0.222888755582217
S15,RFG3,true,24.5600967407227,31.6819038391113,-20.6949596405029,22,3.65895290036358,4.98561454862207,OFC,1.63161987277901,0.13997200559888
S15,RFG4,false,32.0206451416016,38.920352935791,-12.9540205001831,28,3.21489397567859,1.59329151043231,OFC,1.2263177031762,0.123575284943011
S15,RFG4,true,32.0206451416016,38.920352935791,-12.9540205001831,22,3.65895290036358,4.98561454862207,OFC,0.421745763940226,0.206825301606345
S15,RFG5,false,44.9059638977051,37.829704284668,-16.0300254821777,28,3.21489397567859,1.59329151043231,OFC,0.198963941093531,0.337065920149304
S15,RFG5,true,44.9059638977051,37.829704284668,-16.0300254821777,22,3.65895290036358,4.98561454862207,OFC,1.3356052498342,0.185562887422515
S15,RFG6,false,49.3309440612793,34.0219993591309,-14.9468822479248,28,3.21489397567859,1.59329151043231,OFC,-0.00279782416658453,0.304539092181564
S15,RFG6,true,49.3309440612793,34.0219993591309,-14.9468822479248,22,3.65895290036358,4.98561454862207,OFC,1.17865489238423,0.200693194694394
S15,RFG7,false,4.52760696411133,43.0562438964844,-25.2576866149902,28,3.21489397567859,1.59329151043231,OFC,1.12641039896886,0.161101113110711
S15,RFG7,true,4.52760696411133,43.0562438964844,-25.2576866149902,22,3.65895290036358,4.98561454862207,OFC,1.22298883737077,0.15876824635073
S15,RFG8,false,15.3669157028198,39.3865280151367,-26.6970157623291,28,3.21489397567859,1.59329151043231,OFC,0.703369074971205,0.260547890421916
S15,RFG8,true,15.3669157028198,39.3865280151367,-26.6970157623291,22,3.65895290036358,4.98561454862207,OFC,1.88625972695915,0.151169766046791
S15,RFG9,false,23.6581382751465,37.6264152526855,-19.0879383087158,28,3.21489397567859,1.59329151043231,OFC,0.712113508220069,0.206958608278344
S15,RFG9,true,23.6581382751465,37.6264152526855,-19.0879383087158,22,3.65895290036358,4.98561454862207,OFC,1.13943380365515,0.136972605478904
S07,RFL1,false,3.49378418922424,47.7814788818359,-21.9742736816406,27,2.8911430095181,1.53598143582561,MPFC,0.211903246609362,0.277644471105779
S07,RFL1,true,3.49378418922424,47.7814788818359,-21.9742736816406,15,2.83566881340012,1.16053631358679,MPFC,-0.115555177315517,0.385622875424915
S07,RFL2,false,4.37008213996887,53.5117874145508,-22.3438911437988,27,2.8911430095181,1.53598143582561,MPFC,-0.786609451166773,0.236752649470106
S07,RFL2,true,4.37008213996887,53.5117874145508,-22.3438911437988,15,2.83566881340012,1.16053631358679,MPFC,1.43478434508707,0.174665066986603
S07,RFL3,false,5.15195322036743,66.5092926025391,-7.55880451202393,27,2.8911430095181,1.53598143582561,MPFC,1.57335819474194,0.0636872625474905
S07,RFL3,true,5.15195322036743,66.5092926025391,-7.55880451202393,15,2.83566881340012,1.16053631358679,MPFC,1.32759278439239,0.161067786442711
S07,RFL4,false,7.69491577148438,69.3388671875,-2.20210909843445,27,2.8911430095181,1.53598143582561,MPFC,0.851110692581771,0.224355128974205
S07,RFL4,true,7.69491577148438,69.3388671875,-2.20210909843445,15,2.83566881340012,1.16053631358679,MPFC,0.162290882815604,0.431513697260548
S07,RFS1,false,4.3553421497345,50.3001594543457,-23.5281982421875,27,2.8911430095181,1.53598143582561,MPFC,-0.371459718271378,0.362027594481104
S07,RFS1,true,4.3553421497345,50.3001594543457,-23.5281982421875,15,2.83566881340012,1.16053631358679,MPFC,1.04332034068695,0.15496900619876
S07,RFS2,false,4.44351887702942,54.6086311340332,-21.9011650085449,27,2.8911430095181,1.53598143582561,MPFC,0.773412950565135,0.227754449110178
S07,RFS2,true,4.44351887702942,54.6086311340332,-21.9011650085449,15,2.83566881340012,1.16053631358679,MPFC,0.724084852182832,0.278444311137772
S07,RFS3,false,5.0947322845459,62.0431289672852,-16.1409530639648,27,2.8911430095181,1.53598143582561,MPFC,4.76443063537999,0.000399920015996801
S07,RFS3,true,5.0947322845459,62.0431289672852,-16.1409530639648,15,2.83566881340012,1.16053631358679,MPFC,1.33758578374609,0.106878624275145
S07,RLG59,false,51.0225601196289,33.9841232299805,-13.7399492263794,27,2.8911430095181,1.53598143582561,OFC,2.36077011377899,0.028994201159768
S07,RLG59,true,51.0225601196289,33.9841232299805,-13.7399492263794,15,2.83566881340012,1.16053631358679,OFC,2.56211254614996,0.0143971205758848
S07,ROF1,false,4.09165525436401,33.0563125610352,-26.0946807861328,27,2.8911430095181,1.53598143582561,OFC,0.995035808715037,0.149270145970806
S07,ROF1,true,4.09165525436401,33.0563125610352,-26.0946807861328,15,2.83566881340012,1.16053631358679,OFC,0.510659617702223,0.177664467106579
S22,ROF1,false,8.33955782736348,38.9596997310302,-25.9434570507165,29,5.11495741695198,1.59350574550001,OFC,-1.89590802243761,0.165366926614677
S22,ROF1,true,8.33955782736348,38.9596997310302,-25.9434570507165,16,5.0458863007043,1.3222706600377,OFC,-0.527071331636964,0.207158568286343
S07,ROF2,false,13.099102973938,28.7177619934082,-27.1750736236572,27,2.8911430095181,1.53598143582561,OFC,-1.11130744606991,0.174565086982603
S07,ROF2,true,13.099102973938,28.7177619934082,-27.1750736236572,15,2.83566881340012,1.16053631358679,OFC,1.14020022912114,0.146370725854829
S19,ROF2,false,15.9821644703857,36.6819707694443,-15.9779802108917,23,6.04804627756565,2.87179246331754,OFC,0.140231274630924,0.372325534893021
S19,ROF2,true,15.9821644703857,36.6819707694443,-15.9779802108917,16,6.79898508662473,8.28341257868502,OFC,0.879325007965098,0.273045390921816
S22,ROF2,false,11.7076611981635,38.4568132902302,-21.6345829131165,29,5.11495741695198,1.59350574550001,OFC,-0.840225326452402,0.188062387522496
S22,ROF2,true,11.7076611981635,38.4568132902302,-21.6345829131165,16,5.0458863007043,1.3222706600377,OFC,-1.15510189823119,0.205458908218356
S07,ROF3,false,33.7849578857422,23.507511138916,-22.2671928405762,27,2.8911430095181,1.53598143582561,OFC,-0.0799377699454496,0.416816636672665
S07,ROF3,true,33.7849578857422,23.507511138916,-22.2671928405762,15,2.83566881340012,1.16053631358679,OFC,-1.18264728349292,0.144671065786843
S19,ROF3,false,20.5767297195857,36.1994936349442,-13.2193715418917,23,6.04804627756565,2.87179246331754,OFC,0.25623494161987,0.40621875624875
S19,ROF3,true,20.5767297195857,36.1994936349442,-13.2193715418917,16,6.79898508662473,8.28341257868502,OFC,0.981774933806268,0.211157768446311
S22,ROF3,false,15.0596771248635,38.1561555490302,-17.5121502137165,29,5.11495741695198,1.59350574550001,OFC,-1.02953516794412,0.262847430513897
S22,ROF3,true,15.0596771248635,38.1561555490302,-17.5121502137165,16,5.0458863007043,1.3222706600377,OFC,-1.04016636154408,0.193461307738452
S07,ROF4,false,37.9722061157227,25.0500526428223,-20.3066711425781,27,2.8911430095181,1.53598143582561,OFC,-0.344717067035745,0.377024595080984
S07,ROF4,true,37.9722061157227,25.0500526428223,-20.3066711425781,15,2.83566881340012,1.16053631358679,OFC,1.35356175228242,0.141171765646871
S19,ROF4,false,25.2631978827857,35.8750901154443,-10.0011499578917,23,6.04804627756565,2.87179246331754,OFC,0.612746692419155,0.300739852029594
S19,ROF4,true,25.2631978827857,35.8750901154443,-10.0011499578917,16,6.79898508662473,8.28341257868502,OFC,1.5738463232133,0.0791841631673665
S07,ROF5,false,44.3648834228516,41.7794609069824,-15.869441986084,27,2.8911430095181,1.53598143582561,OFC,0.32405627897075,0.241551689662068
S07,ROF5,true,44.3648834228516,41.7794609069824,-15.869441986084,15,2.83566881340012,1.16053631358679,OFC,1.37010975742202,0.116576684663067
S19,ROF5,false,30.1389230151857,35.6592834059443,-6.75132649489169,23,6.04804627756565,2.87179246331754,OFC,0.633847091511894,0.286042791441712
S19,ROF5,true,30.1389230151857,35.6592834059443,-6.75132649489169,16,6.79898508662473,8.28341257868502,OFC,1.24837866016246,0.112677464507099
S22,ROF5,false,21.7742980437635,37.4359498526302,-9.23344505791653,29,5.11495741695198,1.59350574550001,OFC,-1.73193856422567,0.0536892621475705
S22,ROF5,true,21.7742980437635,37.4359498526302,-9.23344505791653,16,5.0458863007043,1.3222706600377,OFC,-0.964844149074511,0.217356528694261
S07,ROF6,false,49.9490013122559,41.4590377807617,-9.75509357452393,27,2.8911430095181,1.53598143582561,OFC,0.343489249966499,0.377124575084983
S07,ROF6,true,49.9490013122559,41.4590377807617,-9.75509357452393,15,2.83566881340012,1.16053631358679,OFC,1.48028810988434,0.0844831033793241
S22,ROF6,false,25.3054966137635,36.9499428506302,-5.25655586591654,29,5.11495741695198,1.59350574550001,OFC,-0.845443861619038,0.272245550889822
S22,ROF6,true,25.3054966137635,36.9499428506302,-5.25655586591654,16,5.0458863007043,1.3222706600377,OFC,-0.945410406073318,0.285142971405719
S19,ROF7,false,39.1219382703857,35.0764859694443,-1.22522571089169,23,6.04804627756565,2.87179246331754,OFC,1.13980427852324,0.136172765446911
S19,ROF7,true,39.1219382703857,35.0764859694443,-1.22522571089169,16,6.79898508662473,8.28341257868502,OFC,0.327831119444081,0.371325734853029
